"BehaviorSpace results (NetLogo 7.0.3)","Table version 2.0"
"Wolf_Sheep_Predation_simpler.nlogox"
"experiment"
"01/19/2026 08:27:50:600 -0500"
"min-pxcor","max-pxcor","min-pycor","max-pycor"
"-25","25","-25","25"
"[run number]","sheep-reproduce","[step]","grass_remaining"
"3","14","0","7.6893502499038835"
"4","19","0","7.6893502499038835"
"2","9","0","7.6893502499038835"
"4","19","1","93.19492502883506"
"3","14","1","93.57939254133026"
"2","9","1","93.04113802383698"
"4","19","2","87.73548635140331"
"3","14","2","88.42752787389466"
"2","9","2","87.65859284890426"
"4","19","3","83.73702422145328"
"1","4","0","7.6893502499038835"
"3","14","3","85.42868127643214"
"2","9","3","84.73663975394079"
"4","19","4","80.89196462898884"
"3","14","4","82.73740868896579"
"4","19","5","78.20069204152249"
"2","9","4","81.96847366397539"
"3","14","5","79.8154555940023"
"4","19","6","76.66282199154172"
"1","4","1","93.34871203383314"
"2","9","5","80.12302960399846"
"4","19","7","74.2791234140715"
"3","14","6","77.89311803152634"
"2","9","6","78.8158400615148"
"1","4","2","88.5044213763937"
"4","19","8","73.43329488658209"
"3","14","7","75.81699346405229"
"4","19","9","72.97193387158785"
"2","9","7","77.73933102652826"
"1","4","3","86.35140330642061"
"4","19","10","72.2798923490965"
"3","14","8","76.20146097654748"
"2","9","8","76.66282199154172"
"4","19","11","72.2798923490965"
"3","14","9","75.81699346405229"
"4","19","12","71.51095732410612"
"1","4","4","84.73663975394079"
"2","9","9","76.20146097654748"
"3","14","10","74.2791234140715"
"4","19","13","70.8958093041138"
"2","9","10","75.12495194156094"
"4","19","14","70.35755478662053"
"3","14","11","73.6639753940792"
"1","4","5","83.96770472895041"
"2","9","11","74.89427143406382"
"4","19","15","70.28066128412149"
"3","14","12","72.89504036908882"
"2","9","12","74.50980392156863"
"4","19","16","70.43444828911957"
"3","14","13","71.6647443291042"
"1","4","6","83.12187620146098"
"2","9","13","74.58669742406767"
"4","19","17","70.8958093041138"
"3","14","14","70.58823529411765"
"2","9","14","74.43291041906959"
"1","4","7","82.73740868896579"
"2","9","15","73.89465590157631"
"4","19","18","70.81891580161476"
"3","14","15","70.28066128412149"
"2","9","16","73.74086889657823"
"3","14","16","69.97308727412533"
"4","19","19","71.12648981161092"
"1","4","8","82.5836216839677"
"2","9","17","73.58708189158016"
"3","14","17","69.20415224913495"
"4","19","20","70.97270280661284"
"1","4","9","82.42983467896963"
"2","9","18","74.12533640907343"
"4","19","21","70.81891580161476"
"3","14","18","69.28104575163398"
"2","9","19","74.50980392156863"
"1","4","10","82.04536716647443"
"4","19","22","70.8958093041138"
"2","9","20","74.81737793156478"
"3","14","19","69.28104575163398"
"2","9","21","74.58669742406767"
"4","19","23","71.35717031910804"
"1","4","11","81.43021914648212"
"3","14","20","69.20415224913495"
"2","9","22","74.43291041906959"
"3","14","21","69.05036524413687"
"4","19","24","71.6647443291042"
"1","4","12","81.50711264898116"
"2","9","23","74.43291041906959"
"3","14","22","69.28104575163398"
"4","19","25","72.2798923490965"
"3","14","23","69.74240676662822"
"1","4","13","80.89196462898884"
"2","9","24","74.58669742406767"
"4","19","26","72.58746635909266"
"4","19","27","73.20261437908496"
"3","14","24","70.12687427912341"
"2","9","25","75.12495194156094"
"1","4","14","81.5840061514802"
"4","19","28","73.97154940407536"
"2","9","26","74.97116493656286"
"3","14","25","70.81891580161476"
"1","4","15","81.5840061514802"
"4","19","29","74.43291041906959"
"2","9","27","74.50980392156863"
"3","14","26","71.81853133410227"
"4","19","30","75.12495194156094"
"2","9","28","75.20184544405998"
"1","4","16","81.35332564398308"
"3","14","27","72.74125336409074"
"4","19","31","75.50941945405613"
"2","9","29","75.0480584390619"
"4","19","32","76.27835447904653"
"2","9","30","74.81737793156478"
"3","14","28","72.81814686658977"
"1","4","17","81.96847366397539"
"4","19","33","76.66282199154172"
"2","9","31","75.4325259515571"
"3","14","29","73.27950788158401"
"2","9","32","76.50903498654364"
"4","19","34","77.20107650903499"
"3","14","30","74.0484429065744"
"2","9","33","76.8166089965398"
"4","19","35","77.89311803152634"
"1","4","18","82.42983467896963"
"4","19","36","78.89273356401384"
"2","9","34","76.73971549404075"
"3","14","31","75.12495194156094"
"4","19","37","79.73856209150327"
"2","9","35","76.73971549404075"
"1","4","19","82.89119569396387"
"3","14","32","75.50941945405613"
"4","19","38","80.50749711649365"
"2","9","36","77.04728950403691"
"3","14","33","76.0476739715494"
"4","19","39","81.199538638985"
"1","4","20","83.42945021145714"
"2","9","37","77.35486351403307"
"3","14","34","76.66282199154172"
"4","19","40","82.27604767397155"
"2","9","38","77.4317570165321"
"1","4","21","83.81391772395233"
"4","19","41","82.9680891964629"
"3","14","35","77.27797001153402"
"2","9","39","77.73933102652826"
"4","19","42","84.04459823144944"
"3","14","36","77.20107650903499"
"2","9","40","78.27758554402153"
"4","19","43","84.42906574394463"
"1","4","22","83.89081122645136"
"3","14","37","77.66243752402922"
"2","9","41","78.73894655901576"
"4","19","44","85.65936178392926"
"3","14","38","78.35447904652057"
"4","19","45","86.42829680891964"
"2","9","42","79.27720107650903"
"1","4","23","84.27527873894655"
"3","14","39","78.96962706651288"
"2","9","43","79.73856209150327"
"4","19","46","87.50480584390618"
"3","14","40","79.50788158400616"
"1","4","24","84.42906574394463"
"2","9","44","79.8154555940023"
"4","19","47","87.73548635140331"
"3","14","41","80.5843906189927"
"2","9","45","79.8154555940023"
"4","19","48","88.65820838139177"
"3","14","42","81.12264513648597"
"1","4","25","84.27527873894655"
"4","19","49","89.11956939638601"
"2","9","46","80.19992310649751"
"3","14","43","82.19915417147251"
"3","14","44","82.81430219146482"
"4","19","50","90.5036524413687"
"2","9","47","80.5843906189927"
"1","4","26","84.65974625144176"
"4","19","51","91.19569396386005"
"2","9","48","81.43021914648212"
"3","14","45","83.5832372164552"
"4","19","52","91.65705497885429"
"2","9","49","81.89158016147636"
"3","14","46","84.12149173394849"
"1","4","27","84.58285274894271"
"4","19","53","92.34909650134564"
"2","9","50","82.81430219146482"
"3","14","47","84.89042675893887"
"1","4","28","84.73663975394079"
"4","19","54","92.88735101883891"
"2","9","51","83.50634371395617"
"3","14","48","85.04421376393695"
"4","19","55","93.57939254133026"
"2","9","52","84.73663975394079"
"3","14","49","85.96693579392542"
"1","4","29","85.27489427143406"
"4","19","56","93.81007304882738"
"2","9","53","85.96693579392542"
"3","14","50","86.7358708189158"
"4","19","57","94.96347558631295"
"1","4","30","85.96693579392542"
"2","9","54","86.50519031141869"
"3","14","51","87.65859284890426"
"4","19","58","96.0399846212995"
"2","9","55","86.88965782391388"
"1","4","31","86.96655132641291"
"3","14","52","89.42714340638216"
"4","19","59","97.19338715878509"
"2","9","56","87.27412533640907"
"2","9","57","87.73548635140331"
"3","14","53","90.19607843137256"
"4","19","60","97.80853517877739"
"1","4","32","87.27412533640907"
"2","9","58","88.5044213763937"
"4","19","61","98.65436370626682"
"3","14","54","91.11880046136102"
"4","19","62","99.65397923875433"
"2","9","59","88.65820838139177"
"1","4","33","87.96616685890042"
"3","14","55","91.50326797385621"
"4","19","63","100.49980776624375"
"2","9","60","88.81199538638985"
"3","14","56","92.2722029988466"
"1","4","34","88.58131487889273"
"3","14","57","93.19492502883506"
"4","19","64","101.34563629373318"
"2","9","61","89.35024990388312"
"1","4","35","89.42714340638216"
"4","19","65","102.03767781622453"
"2","9","62","89.8885044213764"
"3","14","58","93.96386005382546"
"4","19","66","103.11418685121107"
"1","4","36","89.73471741637832"
"3","14","59","95.34794309880814"
"2","9","63","90.88811995386389"
"3","14","60","96.11687812379854"
"4","19","67","103.9600153787005"
"2","9","64","91.58016147635524"
"1","4","37","90.19607843137256"
"3","14","61","96.96270665128796"
"4","19","68","104.49826989619378"
"2","9","65","92.42599000384467"
"3","14","62","97.88542868127644"
"4","19","69","105.42099192618224"
"1","4","38","90.81122645136486"
"2","9","66","92.73356401384083"
"4","19","70","106.11303344867359"
"3","14","63","99.03883121876201"
"1","4","39","91.19569396386005"
"2","9","67","93.50249903883122"
"3","14","64","99.8077662437524"
"4","19","71","106.80507497116494"
"2","9","68","94.50211457131873"
"4","19","72","107.57400999615533"
"3","14","65","101.03806228373702"
"1","4","40","91.8877354863514"
"2","9","69","95.34794309880814"
"3","14","66","101.96078431372548"
"4","19","73","107.95847750865052"
"2","9","70","96.42445213379469"
"1","4","41","92.96424452133795"
"4","19","74","109.03498654363706"
"2","9","71","97.19338715878509"
"3","14","67","102.65282583621683"
"1","4","42","93.6562860438293"
"4","19","75","109.80392156862744"
"2","9","72","97.80853517877739"
"3","14","68","103.72933487120338"
"4","19","76","111.11111111111111"
"2","9","73","98.73125720876585"
"3","14","69","104.11380238369858"
"1","4","43","94.2714340638216"
"4","19","77","112.41830065359477"
"2","9","74","99.4232987312572"
"3","14","70","104.88273740868897"
"4","19","78","112.64898116109188"
"3","14","71","105.88235294117646"
"2","9","75","100.42291426374472"
"3","14","72","106.7281814686659"
"4","19","79","113.18723567858515"
"2","9","76","101.42252979623221"
"3","14","73","107.88158400615148"
"4","19","80","114.18685121107266"
"2","9","77","102.03767781622453"
"3","14","74","108.49673202614379"
"4","19","81","114.57131872356786"
"2","9","78","102.5759323337178"
"3","14","75","109.11188004613611"
"4","19","82","115.41714725105729"
"2","9","79","103.11418685121107"
"4","19","83","115.87850826605151"
"3","14","76","110.1114955786236"
"2","9","80","103.72933487120338"
"1","4","44","94.96347558631295"
"3","14","77","111.57247212610534"
"4","19","84","116.4167627835448"
"2","9","81","104.19069588619762"
"4","19","85","117.49327181853134"
"2","9","82","104.57516339869281"
"3","14","78","112.49519415609382"
"1","4","45","94.96347558631295"
"4","19","86","117.80084582852749"
"2","9","83","105.26720492118416"
"3","14","79","113.03344867358709"
"1","4","46","94.96347558631295"
"2","9","84","105.80545943867743"
"4","19","87","118.49288735101884"
"3","14","80","113.57170319108036"
"2","9","85","106.80507497116494"
"1","4","47","96.0399846212995"
"4","19","88","119.18492887351019"
"3","14","81","114.2637447135717"
"2","9","86","107.18954248366013"
"4","19","89","119.95386389850057"
"3","14","82","115.26336024605921"
"1","4","48","96.34755863129566"
"2","9","87","107.42022299115725"
"4","19","90","120.49211841599384"
"3","14","83","116.03229527104959"
"1","4","49","97.19338715878509"
"2","9","88","107.65090349865436"
"4","19","91","121.64552095347943"
"3","14","84","116.26297577854672"
"1","4","50","97.88542868127644"
"2","9","89","108.57362552864284"
"4","19","92","122.49134948096886"
"3","14","85","116.72433679354094"
"4","19","93","123.10649750096117"
"3","14","86","117.6470588235294"
"2","9","90","109.11188004613611"
"1","4","51","98.73125720876585"
"4","19","94","123.33717800845828"
"3","14","87","118.26220684352172"
"2","9","91","109.41945405613225"
"3","14","88","119.4156093810073"
"1","4","52","99.50019223375625"
"4","19","95","124.10611303344868"
"2","9","92","109.80392156862744"
"3","14","89","119.87697039600154"
"4","19","96","125.10572856593618"
"3","14","90","120.1845444059977"
"1","4","53","100.1922337562476"
"2","9","93","111.18800461361015"
"4","19","97","125.7208765859285"
"3","14","91","120.72279892349097"
"2","9","94","111.80315263360247"
"1","4","54","100.88427527873894"
"3","14","92","121.41484044598232"
"4","19","98","126.10534409842369"
"2","9","95","112.57208765859285"
"3","14","93","122.49134948096886"
"4","19","99","126.41291810841984"
"1","4","55","101.42252979623221"
"2","9","96","113.2641291810842"
"4","19","100","126.64359861591696"
"3","14","94","122.79892349096501"
"2","9","97","113.95617070357555"
"3","14","95","123.49096501345636"
"4","19","101","134.02537485582468"
"1","4","56","101.65321030372934"
"2","9","98","114.18685121107266"
"4","19","102","140.09996155324876"
"3","14","96","123.9523260284506"
"2","9","99","114.6482122260669"
"3","14","97","124.87504805843906"
"1","4","57","101.80699730872742"
"4","19","103","144.559784698193"
"3","14","98","125.87466359092657"
"2","9","100","114.80199923106497"
"3","14","99","126.56670511341791"
"4","19","104","148.481353325644"
"2","9","101","122.10688196847366"
"1","4","58","102.5759323337178"
"4","19","105","151.40330642060746"
"2","9","102","127.56632064590542"
"3","14","100","127.56632064590542"
"1","4","59","103.42176086120723"
"4","19","106","153.2487504805844"
"2","9","103","131.25720876585927"
"3","14","101","134.71741637831605"
"4","19","107","155.55555555555554"
"3","14","102","140.48442906574394"
"2","9","104","134.10226835832373"
"1","4","60","104.03690888119954"
"4","19","108","156.78585159554018"
"3","14","103","144.7135717031911"
"2","9","105","136.17839292579777"
"3","14","104","148.63514033064206"
"4","19","109","157.78546712802768"
"1","4","61","104.65205690119186"
"2","9","106","137.33179546328336"
"4","19","110","158.32372164552095"
"3","14","105","152.17224144559785"
"1","4","62","105.34409842368319"
"2","9","107","138.33141099577085"
"4","19","111","158.70818915801615"
"3","14","106","154.78662053056516"
"1","4","63","106.11303344867359"
"2","9","108","139.48481353325644"
"4","19","112","158.78508266051517"
"3","14","107","157.86236063052672"
"2","9","109","140.7920030757401"
"4","19","113","159.09265667051133"
"3","14","108","158.70818915801615"
"1","4","64","106.65128796616686"
"3","14","109","159.93848519800076"
"2","9","110","142.09919261822375"
"4","19","114","159.32333717800847"
"1","4","65","107.34332948865821"
"3","14","110","161.93771626297578"
"2","9","111","142.560553633218"
"4","19","115","159.4002306805075"
"3","14","111","163.24490580545944"
"4","19","116","159.7846981930027"
"2","9","112","142.86812764321414"
"1","4","66","107.80469050365244"
"3","14","112","164.62898885044214"
"4","19","117","159.55401768550558"
"2","9","113","143.25259515570934"
"3","14","113","165.85928489042675"
"4","19","118","160.32295271049597"
"1","4","67","108.18915801614763"
"2","9","114","143.5601691657055"
"3","14","114","167.1664744329104"
"4","19","119","160.39984621299502"
"2","9","115","144.3291041906959"
"3","14","115","168.01230296039984"
"4","19","120","160.0153787004998"
"1","4","68","108.57362552864284"
"2","9","116","144.9442522106882"
"3","14","116","168.5505574778931"
"1","4","69","109.18877354863514"
"3","14","117","169.39638600538254"
"4","19","121","159.7846981930027"
"2","9","117","145.17493271818532"
"2","9","118","145.32871972318338"
"4","19","122","159.47712418300654"
"3","14","118","169.47327950788159"
"1","4","70","109.41945405613225"
"2","9","119","145.25182622068436"
"3","14","119","169.78085351787774"
"4","19","123","159.0157631680123"
"1","4","71","109.72702806612841"
"3","14","120","170.16532103037292"
"4","19","124","158.86197616301422"
"2","9","120","145.7131872356786"
"3","14","121","170.39600153787006"
"4","19","125","158.32372164552095"
"2","9","121","145.86697424067665"
"1","4","72","110.41906958861976"
"3","14","122","170.62668204536718"
"4","19","126","157.55478662053056"
"2","9","122","145.79008073817764"
"3","14","123","170.62668204536718"
"4","19","127","156.70895809304113"
"1","4","73","110.88043060361399"
"2","9","123","146.1745482506728"
"3","14","124","170.7035755478662"
"4","19","128","155.70934256055364"
"4","19","129","154.8635140330642"
"2","9","124","146.55901576316802"
"3","14","125","170.7035755478662"
"1","4","74","111.03421760861207"
"4","19","130","153.40253748558246"
"3","14","126","170.7035755478662"
"2","9","125","147.0972702806613"
"1","4","75","111.2648981161092"
"4","19","131","152.479815455594"
"3","14","127","170.16532103037292"
"2","9","126","146.48212226066897"
"4","19","132","151.55709342560553"
"3","14","128","170.16532103037292"
"2","9","127","146.55901576316802"
"4","19","133","150.40369088811997"
"1","4","76","112.34140715109574"
"3","14","129","170.39600153787006"
"2","9","128","146.02076124567475"
"4","19","134","149.17339484813533"
"3","14","130","170.0884275278739"
"1","4","77","113.18723567858515"
"2","9","129","145.7131872356786"
"4","19","135","148.0968858131488"
"3","14","131","169.78085351787774"
"2","9","130","145.5594002306805"
"4","19","136","146.63590926566704"
"3","14","132","169.31949250288352"
"1","4","78","114.49442522106882"
"2","9","131","144.3291041906959"
"4","19","137","145.40561322568243"
"3","14","133","168.9350249903883"
"1","4","79","115.18646674356017"
"2","9","132","143.71395617070357"
"4","19","138","144.40599769319493"
"3","14","134","168.62745098039215"
"4","19","139","143.4063821607074"
"2","9","133","143.1757016532103"
"3","14","135","168.319876970396"
"1","4","80","115.87850826605151"
"4","19","140","142.48366013071896"
"3","14","136","168.08919646289888"
"2","9","134","142.63744713571703"
"4","19","141","141.48404459823146"
"3","14","137","167.47404844290656"
"1","4","81","116.57054978854286"
"2","9","135","142.32987312572087"
"3","14","138","166.55132641291812"
"4","19","142","140.48442906574394"
"2","9","136","141.9454056132257"
"3","14","139","165.85928489042675"
"1","4","82","117.26259131103421"
"4","19","143","139.17723952326028"
"3","14","140","164.7058823529412"
"2","9","137","141.1764705882353"
"4","19","144","138.10073048827374"
"3","14","141","163.86005382545176"
"1","4","83","117.6470588235294"
"2","9","138","140.71510957324105"
"4","19","145","136.48596693579393"
"3","14","142","162.70665128796617"
"3","14","143","161.7839292579777"
"1","4","84","118.18531334102268"
"2","9","139","140.17685505574778"
"4","19","146","134.94809688581316"
"3","14","144","160.47673971549403"
"2","9","140","139.7923875432526"
"4","19","147","133.4871203383314"
"1","4","85","118.95424836601308"
"3","14","145","159.6309111880046"
"2","9","141","139.48481353325644"
"4","19","148","131.64167627835448"
"3","14","146","158.70818915801615"
"2","9","142","138.79277201076508"
"1","4","86","119.64628988850443"
"3","14","147","157.47789311803152"
"4","19","149","130.56516724336794"
"3","14","148","155.8631295655517"
"2","9","143","137.94694348327567"
"4","19","150","128.87351018838908"
"1","4","87","119.80007689350249"
"3","14","149","154.32525951557093"
"4","19","151","127.10495963091118"
"2","9","144","137.56247597078047"
"3","14","150","151.94156093810074"
"4","19","152","125.02883506343714"
"1","4","88","120.26143790849673"
"2","9","145","137.0242214532872"
"3","14","151","150.7112648981161"
"4","19","153","123.26028450595925"
"2","9","146","136.33217993079586"
"3","14","152","149.3271818531334"
"1","4","89","120.41522491349481"
"4","19","154","121.72241445597847"
"2","9","147","135.33256439830834"
"3","14","153","148.40445982314495"
"2","9","148","134.2560553633218"
"3","14","154","147.55863129565552"
"4","19","155","119.80007689350249"
"1","4","90","121.10726643598616"
"4","19","156","117.72395232602845"
"2","9","149","133.33333333333334"
"3","14","155","145.86697424067665"
"1","4","91","121.33794694348327"
"4","19","157","116.10918877354864"
"3","14","156","144.559784698193"
"2","9","150","132.17993079584775"
"1","4","92","121.79930795847751"
"3","14","157","143.09880815071128"
"2","9","151","131.4878892733564"
"4","19","158","114.2637447135717"
"3","14","158","141.1764705882353"
"4","19","159","112.11072664359861"
"2","9","152","130.79584775086505"
"1","4","93","121.56862745098039"
"3","14","159","139.5617070357555"
"4","19","160","110.41906958861976"
"2","9","153","129.87312572087657"
"3","14","160","137.79315647827758"
"1","4","94","122.33756247597078"
"4","19","161","108.1122645136486"
"2","9","154","128.95040369088812"
"3","14","161","136.2552864282968"
"4","19","162","106.26682045367167"
"2","9","155","128.41214917339485"
"1","4","95","122.49134948096886"
"3","14","162","134.71741637831605"
"4","19","163","104.959630911188"
"2","9","156","128.25836216839676"
"3","14","163","132.8719723183391"
"4","19","164","103.42176086120723"
"2","9","157","127.56632064590542"
"1","4","96","122.26066897347174"
"3","14","164","130.718954248366"
"2","9","158","127.02806612841215"
"4","19","165","101.80699730872742"
"1","4","97","123.1833910034602"
"3","14","165","128.25836216839676"
"2","9","159","127.18185313341023"
"4","19","166","100.03844675124952"
"2","9","160","126.72049211841599"
"3","14","166","126.18223760092272"
"1","4","98","123.72164552095347"
"4","19","167","97.80853517877739"
"2","9","161","125.41330257593233"
"3","14","167","124.02921953094963"
"1","4","99","124.25990003844674"
"4","19","168","96.0399846212995"
"2","9","162","124.64436755094195"
"3","14","168","122.5682429834679"
"2","9","163","123.79853902345252"
"1","4","100","124.5674740484429"
"3","14","169","120.56901191849289"
"4","19","169","94.19454056132257"
"2","9","164","122.72202998846598"
"4","19","170","92.34909650134564"
"3","14","170","118.4159938485198"
"2","9","165","121.49173394848135"
"1","4","101","131.4878892733564"
"3","14","171","117.18569780853518"
"4","19","171","90.42675893886967"
"2","9","166","120.72279892349097"
"1","4","102","136.33217993079586"
"3","14","172","115.41714725105729"
"2","9","167","120.03075740099962"
"4","19","172","88.58131487889273"
"1","4","103","138.56209150326796"
"3","14","173","113.11034217608612"
"4","19","173","87.19723183391004"
"2","9","168","118.72356785851595"
"3","14","174","110.95732410611303"
"2","9","169","117.72395232602845"
"1","4","104","140.86889657823914"
"4","19","174","85.7362552864283"
"2","9","170","116.33986928104575"
"3","14","175","109.34256055363322"
"4","19","175","84.42906574394463"
"1","4","105","142.71434063821607"
"2","9","171","115.41714725105729"
"3","14","176","107.26643598615917"
"4","19","176","83.19876970396001"
"3","14","177","104.72895040369089"
"2","9","172","114.57131872356786"
"1","4","106","143.63706266820455"
"4","19","177","82.27604767397155"
"3","14","178","102.72971933871588"
"2","9","173","113.41791618608228"
"1","4","107","144.09842368319877"
"4","19","178","80.96885813148789"
"3","14","179","100.73048827374087"
"2","9","174","112.64898116109188"
"1","4","108","144.86735870818916"
"4","19","179","79.73856209150327"
"3","14","180","99.11572472126106"
"2","9","175","111.41868512110727"
"4","19","180","78.50826605151865"
"3","14","181","97.039600153787"
"1","4","109","145.48250672818148"
"2","9","176","110.26528258362168"
"4","19","181","77.89311803152634"
"3","14","182","94.88658208381392"
"4","19","182","77.20107650903499"
"2","9","177","109.41945405613225"
"1","4","110","146.25144175317186"
"3","14","183","92.65667051134179"
"2","9","178","108.7274125336409"
"4","19","183","76.27835447904653"
"3","14","184","90.88811995386389"
"1","4","111","147.0972702806613"
"2","9","179","107.80469050365244"
"4","19","184","75.35563244905805"
"3","14","185","88.35063437139561"
"1","4","112","147.25105728565936"
"4","19","185","74.35601691657055"
"2","9","180","106.11303344867359"
"3","14","186","86.58208381391772"
"2","9","181","104.88273740868897"
"3","14","187","84.19838523644752"
"4","19","186","73.04882737408688"
"1","4","113","147.94309880815072"
"2","9","182","103.72933487120338"
"3","14","188","82.50672818146866"
"4","19","187","71.89542483660131"
"1","4","114","147.94309880815072"
"2","9","183","102.19146482122261"
"3","14","189","80.5843906189927"
"4","19","188","70.5113417916186"
"2","9","184","101.26874279123415"
"1","4","115","148.01999231064974"
"4","19","189","69.35793925413303"
"3","14","190","78.58515955401768"
"2","9","185","99.96155324875048"
"3","14","191","76.35524798154556"
"1","4","116","148.17377931564783"
"4","19","190","68.58900422914263"
"2","9","186","98.57747020376779"
"3","14","192","74.12533640907343"
"4","19","191","67.20492118415994"
"1","4","117","148.0968858131488"
"2","9","187","97.4240676662822"
"3","14","193","72.12610534409842"
"4","19","192","65.82083813917724"
"1","4","118","148.17377931564783"
"3","14","194","70.12687427912341"
"2","9","188","95.80930411380238"
"4","19","193","64.7443291041907"
"3","14","195","67.1280276816609"
"4","19","194","63.667820069204154"
"2","9","189","94.42522106881968"
"1","4","119","147.94309880815072"
"4","19","195","62.36063052672049"
"3","14","196","64.82122260668973"
"2","9","190","93.04113802383698"
"1","4","120","148.3275663206459"
"4","19","196","61.28412149173395"
"3","14","197","62.82199154171472"
"2","9","191","92.04152249134948"
"1","4","121","148.0968858131488"
"4","19","197","60.361399461745485"
"3","14","198","60.130718954248366"
"2","9","192","91.58016147635524"
"4","19","198","58.90042291426374"
"1","4","122","148.25067281814685"
"3","14","199","57.59323337178009"
"2","9","193","90.42675893886967"
"4","19","199","57.13187235678585"
"1","4","123","148.0968858131488"
"3","14","200","56.209150326797385"
"2","9","194","89.04267589388697"
"1","4","124","148.01999231064974"
"4","19","200","55.74778931180315"
"2","9","195","87.96616685890042"
"3","14","201","54.0561322568243"
"4","19","201","54.20991926182238"
"2","9","196","87.27412533640907"
"1","4","125","148.3275663206459"
"3","14","202","52.59515570934256"
"4","19","202","52.748942714340636"
"2","9","197","85.96693579392542"
"1","4","126","148.17377931564783"
"3","14","203","50.74971164936563"
"4","19","203","51.82622068435217"
"1","4","127","148.481353325644"
"2","9","198","84.9673202614379"
"3","14","204","48.59669357939254"
"1","4","128","148.40445982314495"
"4","19","204","50.59592464436755"
"2","9","199","84.27527873894655"
"3","14","205","47.05882352941177"
"1","4","129","148.0968858131488"
"2","9","200","84.04459823144944"
"4","19","205","49.596309111880046"
"3","14","206","45.828527489427145"
"2","9","201","83.50634371395617"
"1","4","130","148.01999231064974"
"4","19","206","48.750480584390615"
"3","14","207","44.52133794694348"
"2","9","202","82.66051518646674"
"1","4","131","147.25105728565936"
"4","19","207","48.05843906189927"
"2","9","203","81.89158016147636"
"3","14","208","43.82929642445213"
"1","4","132","146.86658977316418"
"4","19","208","47.28950403690888"
"2","9","204","81.66089965397924"
"3","14","209","43.29104190695886"
"1","4","133","146.55901576316802"
"4","19","209","46.59746251441753"
"2","9","205","81.35332564398308"
"3","14","210","42.21453287197232"
"4","19","210","45.98231449442522"
"2","9","206","81.89158016147636"
"1","4","134","146.02076124567475"
"3","14","211","41.061130334486734"
"1","4","135","145.79008073817764"
"2","9","207","81.73779315647828"
"4","19","211","45.213379469434834"
"3","14","212","40.75355632449058"
"2","9","208","81.50711264898116"
"4","19","212","44.52133794694348"
"1","4","136","145.48250672818148"
"2","9","209","81.43021914648212"
"3","14","213","40.44598231449442"
"4","19","213","43.90618992695117"
"1","4","137","144.9442522106882"
"4","19","214","43.06036139946175"
"2","9","210","81.199538638985"
"3","14","214","39.98462129950019"
"4","19","215","42.445213379469436"
"2","9","211","81.12264513648597"
"1","4","138","144.48289119569395"
"3","14","215","39.52326028450596"
"4","19","216","41.599384851980005"
"2","9","212","81.04575163398692"
"1","4","139","144.17531718569782"
"3","14","216","39.36947327950788"
"4","19","217","41.599384851980005"
"2","9","213","80.73817762399078"
"3","14","217","39.52326028450596"
"1","4","140","143.86774317570166"
"2","9","214","80.73817762399078"
"4","19","218","41.522491349480966"
"1","4","141","143.63706266820455"
"3","14","218","39.44636678200692"
"4","19","219","41.753171856978085"
"2","9","215","80.5843906189927"
"3","14","219","39.06189926951173"
"4","19","220","41.29181084198385"
"1","4","142","142.94502114571318"
"2","9","216","80.35371011149557"
"3","14","220","38.83121876201461"
"4","19","221","41.138023836985774"
"2","9","217","79.73856209150327"
"1","4","143","142.02229911572473"
"3","14","221","38.75432525951557"
"4","19","222","41.522491349480966"
"2","9","218","79.43098808150711"
"3","14","222","38.600538254517495"
"4","19","223","41.36870434448289"
"1","4","144","141.25336409073432"
"4","19","224","41.36870434448289"
"2","9","219","79.66166858900424"
"4","19","225","41.599384851980005"
"3","14","223","38.75432525951557"
"1","4","145","140.7920030757401"
"4","19","226","41.906958861976165"
"2","9","220","79.43098808150711"
"4","19","227","42.29142637447136"
"3","14","224","38.677431757016535"
"2","9","221","79.04652056901192"
"4","19","228","42.90657439446367"
"4","19","229","43.75240292195309"
"1","4","146","140.7920030757401"
"4","19","230","44.905805459438675"
"4","19","231","45.059592464436754"
"3","14","225","38.600538254517495"
"1","4","147","139.5617070357555"
"4","19","232","45.520953479430986"
"2","9","222","78.58515955401768"
"3","14","226","38.677431757016535"
"4","19","233","46.52056901191849"
"4","19","234","47.520184544406"
"4","19","235","47.75086505190311"
"2","9","223","77.8162245290273"
"3","14","227","38.83121876201461"
"4","19","236","48.44290657439446"
"1","4","148","138.638985005767"
"4","19","237","49.058054594386775"
"2","9","224","77.27797001153402"
"4","19","238","49.98077662437524"
"1","4","149","138.1776239907728"
"3","14","228","38.90811226451365"
"4","19","239","50.44213763936947"
"4","19","240","50.74971164936563"
"1","4","150","137.63936947327952"
"4","19","241","51.51864667435602"
"2","9","225","76.73971549404075"
"3","14","229","39.06189926951173"
"4","19","242","52.133794694348325"
"2","9","226","76.50903498654364"
"1","4","151","137.10111495578624"
"3","14","230","39.44636678200692"
"4","19","243","53.21030372933487"
"4","19","244","53.90234525182622"
"4","19","245","54.74817377931565"
"1","4","152","136.94732795078815"
"2","9","227","76.27835447904653"
"3","14","231","39.83083429450212"
"4","19","246","56.132256824298345"
"4","19","247","57.67012687427912"
"4","19","248","59.438677431757014"
"1","4","153","135.94771241830065"
"2","9","228","76.20146097654748"
"3","14","232","40.06151480199923"
"4","19","249","60.207612456747405"
"4","19","250","61.43790849673203"
"1","4","154","134.79430988081506"
"4","19","251","62.9757785467128"
"3","14","233","40.67666282199154"
"2","9","229","76.50903498654364"
"4","19","252","64.89811610918878"
"1","4","155","134.4867358708189"
"4","19","253","66.43598615916954"
"3","14","234","41.36870434448289"
"2","9","230","76.73971549404075"
"4","19","254","67.66628219915417"
"1","4","156","133.87158785082661"
"4","19","255","69.35793925413303"
"3","14","235","41.753171856978085"
"2","9","231","77.04728950403691"
"4","19","256","71.280276816609"
"4","19","257","72.66435986159169"
"4","19","258","74.2791234140715"
"3","14","236","42.445213379469436"
"2","9","232","77.12418300653594"
"1","4","157","133.33333333333334"
"4","19","259","76.20146097654748"
"3","14","237","43.21414840445982"
"2","9","233","76.89350249903883"
"4","19","260","77.89311803152634"
"1","4","158","132.64129181084198"
"4","19","261","80.04613610149943"
"4","19","262","81.5840061514802"
"1","4","159","131.71856978085353"
"3","14","238","44.21376393694733"
"2","9","234","76.8166089965398"
"4","19","263","82.27604767397155"
"1","4","160","131.33410226835832"
"4","19","264","83.35255670895809"
"4","19","265","84.42906574394463"
"2","9","235","76.50903498654364"
"4","19","266","85.81314878892734"
"1","4","161","130.41138023836984"
"3","14","239","44.7520184544406"
"4","19","267","87.65859284890426"
"2","9","236","75.97078046905037"
"4","19","268","89.04267589388697"
"4","19","269","90.5036524413687"
"1","4","162","129.64244521337946"
"4","19","270","91.81084198385237"
"3","14","240","45.751633986928105"
"2","9","237","76.12456747404845"
"4","19","271","93.50249903883122"
"1","4","163","128.95040369088812"
"4","19","272","94.65590157631681"
"2","9","238","76.20146097654748"
"3","14","241","46.59746251441753"
"4","19","273","95.42483660130719"
"1","4","164","128.02768166089965"
"4","19","274","96.27066512879662"
"3","14","242","47.82775855440215"
"2","9","239","75.74009996155326"
"4","19","275","97.11649365628604"
"4","19","276","97.65474817377931"
"1","4","165","127.10495963091118"
"3","14","243","48.59669357939254"
"2","9","240","76.0476739715494"
"4","19","277","97.80853517877739"
"4","19","278","98.42368319876971"
"1","4","166","126.64359861591696"
"4","19","279","98.73125720876585"
"3","14","244","50.05767012687428"
"2","9","241","76.0476739715494"
"4","19","280","98.50057670126874"
"4","19","281","97.73164167627836"
"3","14","245","50.74971164936563"
"1","4","167","125.79777008842753"
"2","9","242","76.35524798154556"
"4","19","282","96.88581314878893"
"3","14","246","51.59554017685505"
"4","19","283","96.27066512879662"
"3","14","247","52.672049211841596"
"4","19","284","95.50173010380622"
"3","14","248","54.28681276432142"
"2","9","243","76.50903498654364"
"4","19","285","94.88658208381392"
"1","4","168","125.10572856593618"
"3","14","249","55.74778931180315"
"2","9","244","76.89350249903883"
"3","14","250","58.05459438677432"
"4","19","286","94.65590157631681"
"2","9","245","77.66243752402922"
"1","4","169","124.72126105344098"
"3","14","251","59.13110342176086"
"4","19","287","93.6562860438293"
"3","14","252","60.284505959246445"
"3","14","253","61.28412149173395"
"1","4","170","124.33679354094579"
"2","9","246","77.97001153402537"
"4","19","288","93.42560553633218"
"3","14","254","62.05305651672434"
"2","9","247","78.66205305651673"
"4","19","289","93.2718185313341"
"1","4","171","123.87543252595155"
"3","14","255","63.975394079200306"
"2","9","248","79.12341407151095"
"4","19","290","92.42599000384467"
"3","14","256","65.05190311418686"
"1","4","172","122.79892349096501"
"2","9","249","79.35409457900808"
"4","19","291","92.04152249134948"
"3","14","257","66.43598615916954"
"1","4","173","121.95309496347559"
"2","9","250","80.04613610149943"
"4","19","292","91.96462898885044"
"3","14","258","68.1276432141484"
"2","9","251","80.27681660899654"
"1","4","174","121.33794694348327"
"4","19","293","91.34948096885813"
"3","14","259","69.35793925413303"
"2","9","252","80.50749711649365"
"2","9","253","81.50711264898116"
"4","19","294","91.42637447135716"
"3","14","260","70.74202229911573"
"1","4","175","120.72279892349097"
"2","9","254","82.3529411764706"
"3","14","261","71.97231833910034"
"4","19","295","91.58016147635524"
"2","9","255","82.66051518646674"
"3","14","262","73.43329488658209"
"1","4","176","120.26143790849673"
"4","19","296","91.34948096885813"
"2","9","256","82.81430219146482"
"3","14","263","74.97116493656286"
"2","9","257","83.50634371395617"
"4","19","297","91.2725874663591"
"1","4","177","119.4156093810073"
"3","14","264","76.50903498654364"
"2","9","258","83.81391772395233"
"4","19","298","91.34948096885813"
"3","14","265","78.73894655901576"
"1","4","178","118.64667435601692"
"2","9","259","83.5832372164552"
"3","14","266","80.50749711649365"
"4","19","299","91.58016147635524"
"3","14","267","82.50672818146866"
"2","9","260","83.42945021145714"
"1","4","179","118.03152633602461"
"3","14","268","83.73702422145328"
"4","19","300","91.58016147635524"
"2","9","261","84.04459823144944"
"3","14","269","85.65936178392926"
"4","19","301","91.73394848135332"
"2","9","262","84.19838523644752"
"1","4","180","116.87812379853902"
"3","14","270","87.65859284890426"
"4","19","302","91.96462898885044"
"2","9","263","84.58285274894271"
"3","14","271","88.5044213763937"
"4","19","303","91.81084198385237"
"1","4","181","116.4167627835448"
"2","9","264","85.04421376393695"
"3","14","272","90.11918492887351"
"3","14","273","92.04152249134948"
"1","4","182","115.87850826605151"
"4","19","304","91.58016147635524"
"2","9","265","85.50557477893118"
"3","14","274","93.73317954632833"
"4","19","305","91.34948096885813"
"1","4","183","115.18646674356017"
"2","9","266","85.7362552864283"
"3","14","275","95.27104959630911"
"2","9","267","86.1207227989235"
"3","14","276","97.11649365628604"
"1","4","184","114.80199923106497"
"4","19","306","91.34948096885813"
"3","14","277","99.4232987312572"
"2","9","268","86.96655132641291"
"4","19","307","90.65743944636678"
"3","14","278","101.1918492887351"
"1","4","185","114.2637447135717"
"2","9","269","87.81237985390234"
"4","19","308","89.96539792387543"
"3","14","279","103.03729334871204"
"3","14","280","104.19069588619762"
"1","4","186","113.8792772010765"
"2","9","270","88.88888888888889"
"4","19","309","89.65782391387928"
"3","14","281","105.65167243367935"
"2","9","271","89.11956939638601"
"4","19","310","89.42714340638216"
"1","4","187","113.64859669357939"
"3","14","282","107.18954248366013"
"2","9","272","89.42714340638216"
"4","19","311","89.04267589388697"
"1","4","188","113.18723567858515"
"2","9","273","90.11918492887351"
"3","14","283","108.7274125336409"
"4","19","312","89.58093041138024"
"2","9","274","90.5036524413687"
"1","4","189","112.34140715109574"
"3","14","284","110.03460207612457"
"2","9","275","91.42637447135716"
"3","14","285","112.34140715109574"
"4","19","313","89.5040369088812"
"1","4","190","111.57247212610534"
"3","14","286","112.41830065359477"
"2","9","276","92.04152249134948"
"1","4","191","110.72664359861592"
"4","19","314","90.34986543637062"
"3","14","287","113.8792772010765"
"2","9","277","92.19530949634756"
"1","4","192","109.95770857362552"
"2","9","278","92.73356401384083"
"3","14","288","114.57131872356786"
"4","19","315","90.88811995386389"
"2","9","279","93.81007304882738"
"3","14","289","115.6478277585544"
"4","19","316","90.58054594386775"
"1","4","193","109.88081507112649"
"3","14","290","116.49365628604383"
"2","9","280","95.34794309880814"
"4","19","317","89.5040369088812"
"2","9","281","96.73202614379085"
"3","14","291","117.57016532103037"
"1","4","194","109.4963475586313"
"2","9","282","97.80853517877739"
"4","19","318","88.7351018838908"
"3","14","292","118.95424836601308"
"2","9","283","98.88504421376393"
"4","19","319","87.81237985390234"
"3","14","293","119.95386389850057"
"1","4","195","109.4963475586313"
"2","9","284","99.88465974625144"
"4","19","320","87.58169934640523"
"2","9","285","100.73048827374087"
"3","14","294","121.10726643598616"
"4","19","321","86.65897731641677"
"1","4","196","108.95809304113803"
"2","9","286","101.49942329873126"
"3","14","295","122.87581699346406"
"4","19","322","85.89004229142637"
"2","9","287","102.03767781622453"
"1","4","197","108.49673202614379"
"3","14","296","123.87543252595155"
"4","19","323","84.19838523644752"
"2","9","288","103.57554786620531"
"1","4","198","108.03537101114956"
"3","14","297","124.9519415609381"
"4","19","324","82.9680891964629"
"2","9","289","104.11380238369858"
"3","14","298","126.79738562091504"
"1","4","199","107.49711649365629"
"2","9","290","105.19031141868513"
"4","19","325","81.73779315647828"
"3","14","299","127.95078815840061"
"4","19","326","80.04613610149943"
"2","9","291","105.34409842368319"
"1","4","200","107.03575547866205"
"3","14","300","128.79661668589003"
"4","19","327","78.73894655901576"
"2","9","292","105.26720492118416"
"4","19","328","76.97039600153786"
"3","14","301","129.79623221837755"
"2","9","293","105.88235294117646"
"1","4","201","106.11303344867359"
"2","9","294","106.95886197616302"
"4","19","329","74.6635909265667"
"3","14","302","130.4882737408689"
"2","9","295","107.57400999615533"
"3","14","303","131.02652825836216"
"1","4","202","105.7285659361784"
"4","19","330","73.04882737408688"
"2","9","296","107.7277970011534"
"3","14","304","132.33371780084582"
"4","19","331","72.35678585159555"
"2","9","297","108.49673202614379"
"3","14","305","132.41061130334487"
"3","14","306","132.79507881584007"
"2","9","298","109.11188004613611"
"4","19","332","70.74202229911573"
"2","9","299","109.80392156862744"
"4","19","333","68.81968473663976"
"2","9","300","109.88081507112649"
"4","19","334","67.05113417916186"
"2","9","301","109.95770857362552"
"4","19","335","66.28219915417148"
"2","9","302","110.57285659361784"
"4","19","336","65.28258362168397"
"2","9","303","110.57285659361784"
"2","9","304","110.64975009611688"
"4","19","337","63.89850057670127"
"2","9","305","110.4959630911188"
"4","19","338","62.82199154171472"
"2","9","306","109.88081507112649"
"4","19","339","61.5916955017301"
"1","4","203","105.34409842368319"
"2","9","307","109.41945405613225"
"4","19","340","60.053825451749326"
"2","9","308","109.41945405613225"
"1","4","204","104.72895040369089"
"4","19","341","59.13110342176086"
"2","9","309","108.95809304113803"
"1","4","205","104.11380238369858"
"2","9","310","108.88119953863898"
"4","19","342","57.8239138792772"
"4","19","343","57.054978854286816"
"2","9","311","108.41983852364476"
"1","4","206","103.34486735870819"
"4","19","344","55.13264129181084"
"2","9","312","107.88158400615148"
"1","4","207","103.11418685121107"
"4","19","345","54.13302575932334"
"2","9","313","107.34332948865821"
"1","4","208","102.5759323337178"
"4","19","346","53.133410226835835"
"2","9","314","106.57439446366782"
"1","4","209","101.80699730872742"
"4","19","347","51.74932718185313"
"2","9","315","106.11303344867359"
"4","19","348","51.13417916186082"
"1","4","210","101.34563629373318"
"2","9","316","105.88235294117646"
"1","4","211","100.88427527873894"
"4","19","349","50.90349865436371"
"2","9","317","105.26720492118416"
"4","19","350","50.74971164936563"
"1","4","212","100.26912725874664"
"2","9","318","104.3444828911957"
"4","19","351","50.05767012687428"
"2","9","319","103.42176086120723"
"1","4","213","99.8077662437524"
"4","19","352","49.36562860438293"
"2","9","320","102.26835832372164"
"4","19","353","48.750480584390615"
"2","9","321","101.88389081122645"
"2","9","322","101.42252979623221"
"4","19","354","48.44290657439446"
"2","9","323","101.03806228373702"
"4","19","355","48.05843906189927"
"4","19","356","47.98154555940023"
"2","9","324","100.5767012687428"
"4","19","357","47.98154555940023"
"2","9","325","100.65359477124183"
"1","4","214","99.26951172625913"
"4","19","358","47.98154555940023"
"2","9","326","100.80738177623991"
"4","19","359","47.75086505190311"
"4","19","360","47.59707804690504"
"2","9","327","100.65359477124183"
"1","4","215","98.73125720876585"
"4","19","361","47.21261053440984"
"2","9","328","100.03844675124952"
"1","4","216","98.19300269127258"
"4","19","362","46.82814302191465"
"2","9","329","99.26951172625913"
"4","19","363","46.75124951941561"
"1","4","217","97.73164167627836"
"2","9","330","98.50057670126874"
"4","19","364","46.82814302191465"
"4","19","365","46.52056901191849"
"2","9","331","97.65474817377931"
"1","4","218","97.27028066128412"
"4","19","366","46.21299500192234"
"2","9","332","97.11649365628604"
"4","19","367","45.828527489427145"
"1","4","219","96.96270665128796"
"2","9","333","96.96270665128796"
"4","19","368","45.828527489427145"
"1","4","220","95.96309111880046"
"2","9","334","95.96309111880046"
"4","19","369","45.674740484429066"
"2","9","335","95.19415609381008"
"4","19","370","45.905420991926185"
"1","4","221","95.57862360630527"
"2","9","336","94.96347558631295"
"4","19","371","45.751633986928105"
"1","4","222","95.19415609381008"
"2","9","337","94.11764705882354"
"4","19","372","45.828527489427145"
"2","9","338","93.57939254133026"
"4","19","373","46.28988850442138"
"1","4","223","94.57900807381776"
"2","9","339","93.73317954632833"
"4","19","374","46.44367550941946"
"4","19","375","46.59746251441753"
"2","9","340","92.65667051134179"
"1","4","224","94.65590157631681"
"4","19","376","46.82814302191465"
"4","19","377","47.36639753940792"
"2","9","341","90.88811995386389"
"1","4","225","93.96386005382546"
"4","19","378","47.67397154940407"
"2","9","342","89.81161091887735"
"4","19","379","48.5198000768935"
"2","9","343","88.7351018838908"
"1","4","226","93.34871203383314"
"4","19","380","49.98077662437524"
"2","9","344","87.42791234140715"
"4","19","381","51.36485966935794"
"1","4","227","92.73356401384083"
"2","9","345","86.1207227989235"
"4","19","382","52.902729719338716"
"4","19","383","54.44059976931949"
"2","9","346","84.89042675893887"
"1","4","228","92.04152249134948"
"2","9","347","83.5832372164552"
"4","19","384","56.132256824298345"
"1","4","229","91.58016147635524"
"2","9","348","82.66051518646674"
"4","19","385","57.67012687427912"
"1","4","230","90.81122645136486"
"2","9","349","81.27643214148405"
"4","19","386","59.05420991926182"
"4","19","387","61.05344098423683"
"1","4","231","90.88811995386389"
"2","9","350","79.96924259900038"
"4","19","388","62.51441753171857"
"2","9","351","77.97001153402537"
"1","4","232","90.5036524413687"
"4","19","389","63.82160707420223"
"2","9","352","76.43214148404459"
"1","4","233","90.34986543637062"
"4","19","390","65.28258362168397"
"2","9","353","74.35601691657055"
"4","19","391","67.05113417916186"
"2","9","354","73.12572087658593"
"1","4","234","90.34986543637062"
"4","19","392","68.28143021914649"
"2","9","355","71.81853133410227"
"4","19","393","69.74240676662822"
"1","4","235","90.19607843137256"
"2","9","356","70.20376778162245"
"4","19","394","70.97270280661284"
"1","4","236","89.96539792387543"
"4","19","395","71.6647443291042"
"2","9","357","68.5121107266436"
"4","19","396","72.43367935409458"
"1","4","237","89.58093041138024"
"2","9","358","67.8969627066513"
"4","19","397","72.97193387158785"
"2","9","359","67.51249519415609"
"1","4","238","89.73471741637832"
"4","19","398","73.74086889657823"
"2","9","360","67.1280276816609"
"4","19","399","74.58669742406767"
"1","4","239","89.27335640138408"
"2","9","361","66.20530565167243"
"4","19","400","75.74009996155326"
"1","4","240","88.27374086889658"
"2","9","362","65.89773164167627"
"4","19","401","76.43214148404459"
"2","9","363","64.97500961168781"
"1","4","241","87.27412533640907"
"4","19","402","76.97039600153786"
"2","9","364","64.59054209919262"
"1","4","242","86.50519031141869"
"4","19","403","77.66243752402922"
"2","9","365","64.05228758169935"
"4","19","404","78.20069204152249"
"1","4","243","86.1207227989235"
"2","9","366","63.05267204921184"
"4","19","405","78.12379853902345"
"4","19","406","78.35447904652057"
"2","9","367","61.89926951172626"
"1","4","244","85.58246828143022"
"4","19","407","79.12341407151095"
"2","9","368","61.20722798923491"
"4","19","408","80.04613610149943"
"1","4","245","85.12110726643598"
"4","19","409","80.43060361399462"
"2","9","369","60.207612456747405"
"4","19","410","80.81507112648981"
"1","4","246","84.65974625144176"
"2","9","370","59.438677431757014"
"4","19","411","80.96885813148789"
"4","19","412","81.12264513648597"
"2","9","371","59.13110342176086"
"1","4","247","85.27489427143406"
"4","19","413","81.73779315647828"
"2","9","372","58.90042291426374"
"4","19","414","81.5840061514802"
"1","4","248","85.42868127643214"
"4","19","415","81.66089965397924"
"2","9","373","58.2083813917724"
"4","19","416","82.5836216839677"
"1","4","249","85.12110726643598"
"2","9","374","57.8239138792772"
"4","19","417","83.73702422145328"
"2","9","375","57.28565936178393"
"1","4","250","84.81353325643983"
"2","9","376","56.59361783929258"
"4","19","418","84.04459823144944"
"2","9","377","56.286043829296425"
"1","4","251","84.3521722414456"
"4","19","419","84.89042675893887"
"2","9","378","55.97846981930027"
"4","19","420","85.7362552864283"
"2","9","379","55.0557477893118"
"1","4","252","83.50634371395617"
"4","19","421","86.65897731641677"
"4","19","422","87.04344482891196"
"2","9","380","54.36370626682045"
"1","4","253","83.81391772395233"
"4","19","423","88.42752787389466"
"2","9","381","54.0561322568243"
"1","4","254","83.73702422145328"
"2","9","382","53.36409073433295"
"4","19","424","89.73471741637832"
"4","19","425","90.81122645136486"
"2","9","383","53.28719723183391"
"1","4","255","83.50634371395617"
"4","19","426","92.19530949634756"
"2","9","384","52.979623221837755"
"1","4","256","83.35255670895809"
"4","19","427","92.50288350634371"
"2","9","385","52.59515570934256"
"4","19","428","93.19492502883506"
"1","4","257","83.27566320645906"
"2","9","386","52.441368704344484"
"4","19","429","94.57900807381776"
"1","4","258","83.81391772395233"
"4","19","430","95.040369088812"
"2","9","387","52.672049211841596"
"4","19","431","94.96347558631295"
"2","9","388","52.287581699346404"
"1","4","259","84.19838523644752"
"4","19","432","95.34794309880814"
"2","9","389","52.287581699346404"
"1","4","260","84.19838523644752"
"4","19","433","95.50173010380622"
"2","9","390","52.287581699346404"
"1","4","261","84.50595924644368"
"4","19","434","95.57862360630527"
"2","9","391","52.59515570934256"
"1","4","262","84.42906574394463"
"2","9","392","52.59515570934256"
"4","19","435","95.34794309880814"
"2","9","393","52.441368704344484"
"1","4","263","84.58285274894271"
"4","19","436","95.34794309880814"
"2","9","394","52.441368704344484"
"1","4","264","84.27527873894655"
"4","19","437","94.65590157631681"
"2","9","395","52.518262206843524"
"1","4","265","84.3521722414456"
"4","19","438","94.04075355632449"
"2","9","396","52.979623221837755"
"1","4","266","84.19838523644752"
"4","19","439","92.81045751633987"
"2","9","397","53.21030372933487"
"1","4","267","84.19838523644752"
"4","19","440","92.11841599384852"
"2","9","398","53.36409073433295"
"1","4","268","84.50595924644368"
"4","19","441","90.5036524413687"
"2","9","399","53.21030372933487"
"1","4","269","84.27527873894655"
"4","19","442","89.73471741637832"
"2","9","400","53.51787773933103"
"1","4","270","84.12149173394849"
"2","9","401","53.748558246828146"
"4","19","443","88.27374086889658"
"1","4","271","84.27527873894655"
"2","9","402","54.13302575932334"
"4","19","444","88.19684736639753"
"2","9","403","54.82506728181469"
"2","9","404","55.440215301806994"
"1","4","272","84.58285274894271"
"4","19","445","87.27412533640907"
"2","9","405","56.286043829296425"
"4","19","446","85.65936178392926"
"1","4","273","84.9673202614379"
"2","9","406","56.824298346789696"
"2","9","407","57.8239138792772"
"4","19","447","85.27489427143406"
"1","4","274","85.12110726643598"
"2","9","408","58.28527489427143"
"1","4","275","84.89042675893887"
"4","19","448","83.66013071895425"
"2","9","409","58.8235294117647"
"4","19","449","81.50711264898116"
"2","9","410","59.438677431757014"
"1","4","276","84.3521722414456"
"4","19","450","79.89234909650135"
"2","9","411","60.053825451749326"
"2","9","412","60.89965397923876"
"4","19","451","78.96962706651288"
"1","4","277","84.65974625144176"
"2","9","413","61.66858900422914"
"4","19","452","77.89311803152634"
"1","4","278","84.81353325643983"
"2","9","414","62.745098039215684"
"4","19","453","77.20107650903499"
"1","4","279","84.58285274894271"
"2","9","415","63.360246059207995"
"4","19","454","75.27873894655902"
"2","9","416","63.89850057670127"
"1","4","280","85.3517877739331"
"4","19","455","73.89465590157631"
"2","9","417","65.12879661668589"
"1","4","281","85.50557477893118"
"4","19","456","71.43406382160707"
"2","9","418","66.43598615916954"
"2","9","419","67.58938869665513"
"1","4","282","85.19800076893503"
"4","19","457","69.97308727412533"
"2","9","420","68.66589773164168"
"4","19","458","67.74317570165321"
"1","4","283","85.04421376393695"
"2","9","421","69.35793925413303"
"4","19","459","66.28219915417148"
"2","9","422","70.5113417916186"
"1","4","284","84.89042675893887"
"2","9","423","71.6647443291042"
"4","19","460","64.51364859669359"
"2","9","424","72.35678585159555"
"1","4","285","84.50595924644368"
"4","19","461","63.20645905420992"
"2","9","425","72.97193387158785"
"2","9","426","73.6639753940792"
"4","19","462","61.5916955017301"
"1","4","286","83.96770472895041"
"2","9","427","74.6635909265667"
"4","19","463","59.82314494425221"
"2","9","428","75.58631295655518"
"1","4","287","83.81391772395233"
"4","19","464","58.8235294117647"
"2","9","429","76.8166089965398"
"4","19","465","58.13148788927336"
"1","4","288","83.42945021145714"
"2","9","430","78.12379853902345"
"4","19","466","57.13187235678585"
"1","4","289","83.81391772395233"
"2","9","431","79.43098808150711"
"4","19","467","56.286043829296425"
"2","9","432","80.66128412149173"
"1","4","290","83.73702422145328"
"2","9","433","81.81468665897732"
"4","19","468","55.59400230680507"
"2","9","434","83.50634371395617"
"1","4","291","84.19838523644752"
"4","19","469","55.0557477893118"
"2","9","435","84.73663975394079"
"1","4","292","83.96770472895041"
"4","19","470","54.44059976931949"
"2","9","436","85.96693579392542"
"2","9","437","87.35101883890812"
"4","19","471","53.748558246828146"
"1","4","293","84.04459823144944"
"2","9","438","88.35063437139561"
"4","19","472","52.748942714340636"
"2","9","439","89.11956939638601"
"4","19","473","51.36485966935794"
"1","4","294","84.04459823144944"
"2","9","440","90.19607843137256"
"4","19","474","50.05767012687428"
"1","4","295","83.50634371395617"
"2","9","441","91.96462898885044"
"4","19","475","48.59669357939254"
"2","9","442","93.42560553633218"
"1","4","296","83.12187620146098"
"2","9","443","95.040369088812"
"4","19","476","47.44329104190696"
"2","9","444","97.11649365628604"
"4","19","477","46.28988850442138"
"1","4","297","83.04498269896193"
"2","9","445","98.50057670126874"
"2","9","446","100.03844675124952"
"4","19","478","45.36716647443291"
"1","4","298","83.27566320645906"
"4","19","479","43.82929642445213"
"2","9","447","101.57631680123029"
"1","4","299","83.73702422145328"
"2","9","448","102.80661284121491"
"4","19","480","42.75278738946559"
"1","4","300","83.50634371395617"
"2","9","449","104.65205690119186"
"4","19","481","41.522491349480966"
"2","9","450","106.57439446366782"
"4","19","482","40.52287581699346"
"1","4","301","84.65974625144176"
"2","9","451","108.88119953863898"
"4","19","483","39.29257977700884"
"1","4","302","84.81353325643983"
"2","9","452","110.72664359861592"
"4","19","484","38.369857747020376"
"2","9","453","112.64898116109188"
"1","4","303","85.50557477893118"
"4","19","485","37.754709727028064"
"2","9","454","113.8792772010765"
"2","9","455","115.41714725105729"
"1","4","304","85.96693579392542"
"4","19","486","36.75509419454056"
"2","9","456","116.87812379853902"
"4","19","487","36.13994617454825"
"1","4","305","86.35140330642061"
"2","9","457","118.49288735101884"
"4","19","488","35.371011149557866"
"2","9","458","118.95424836601308"
"4","19","489","34.755863129565554"
"1","4","306","86.7358708189158"
"2","9","459","119.56939638600538"
"4","19","490","34.294502114571316"
"2","9","460","120.33833141099576"
"4","19","491","33.833141099577084"
"2","9","461","120.79969242599"
"1","4","307","87.12033833141099"
"2","9","462","121.1841599384852"
"4","19","492","33.833141099577084"
"1","4","308","87.58169934640523"
"2","9","463","121.87620146097655"
"4","19","493","33.756247597078044"
"2","9","464","122.10688196847366"
"1","4","309","88.19684736639753"
"2","9","465","122.1837754709727"
"4","19","494","33.52556708958093"
"4","19","495","33.44867358708189"
"1","4","310","88.7351018838908"
"2","9","466","123.02960399846214"
"4","19","496","33.67935409457901"
"2","9","467","123.56785851595541"
"1","4","311","89.19646289888504"
"4","19","497","33.67935409457901"
"2","9","468","123.9523260284506"
"1","4","312","89.27335640138408"
"2","9","469","124.49058054594387"
"4","19","498","33.910034602076124"
"2","9","470","125.02883506343714"
"4","19","499","34.448289119569395"
"2","9","471","125.49019607843137"
"1","4","313","89.42714340638216"
"4","19","500","34.602076124567475"
"2","9","472","125.3364090734333"
"1","4","314","89.58093041138024"
"2","9","473","125.56708958093041"
"2","9","474","126.02845059592464"
"1","4","315","89.5040369088812"
"2","9","475","126.3360246059208"
"1","4","316","89.5040369088812"
"2","9","476","126.72049211841599"
"2","9","477","126.87427912341407"
"1","4","317","89.5040369088812"
"2","9","478","127.02806612841215"
"2","9","479","127.25874663590926"
"3","14","307","132.79507881584007"
"2","9","480","127.25874663590926"
"1","4","318","89.35024990388312"
"2","9","481","127.18185313341023"
"1","4","319","89.73471741637832"
"3","14","308","132.33371780084582"
"2","9","482","127.25874663590926"
"3","14","309","131.79546328335255"
"2","9","483","127.25874663590926"
"1","4","320","89.96539792387543"
"2","9","484","127.02806612841215"
"3","14","310","131.94925028835064"
"1","4","321","90.27297193387159"
"3","14","311","131.94925028835064"
"2","9","485","127.18185313341023"
"3","14","312","131.02652825836216"
"1","4","322","90.19607843137256"
"2","9","486","126.56670511341791"
"2","9","487","125.7208765859285"
"3","14","313","130.1038062283737"
"1","4","323","90.96501345636294"
"2","9","488","125.25951557093425"
"3","14","314","129.56555171088044"
"2","9","489","125.41330257593233"
"1","4","324","90.88811995386389"
"2","9","490","124.79815455594002"
"3","14","315","128.79661668589003"
"1","4","325","91.04190695886197"
"2","9","491","124.18300653594771"
"3","14","316","128.18146866589774"
"2","9","492","123.9523260284506"
"3","14","317","127.64321414840445"
"1","4","326","91.19569396386005"
"2","9","493","123.49096501345636"
"3","14","318","126.41291810841984"
"1","4","327","91.42637447135716"
"2","9","494","122.72202998846598"
"3","14","319","125.3364090734333"
"1","4","328","91.65705497885429"
"2","9","495","122.1837754709727"
"3","14","320","124.33679354094579"
"2","9","496","120.79969242599"
"1","4","329","91.96462898885044"
"2","9","497","119.56939638600538"
"3","14","321","122.79892349096501"
"2","9","498","118.18531334102268"
"3","14","322","121.64552095347943"
"1","4","330","92.2722029988466"
"2","9","499","117.0319108035371"
"3","14","323","120.33833141099576"
"1","4","331","92.19530949634756"
"2","9","500","115.49404075355632"
"3","14","324","119.26182237600922"
"1","4","332","92.65667051134179"
"3","14","325","117.80084582852749"
"1","4","333","92.88735101883891"
"3","14","326","116.33986928104575"
"3","14","327","115.18646674356017"
"1","4","334","92.57977700884275"
"3","14","328","113.57170319108036"
"1","4","335","92.34909650134564"
"3","14","329","111.2648981161092"
"1","4","336","92.57977700884275"
"3","14","330","108.88119953863898"
"3","14","331","106.03613994617454"
"1","4","337","92.81045751633987"
"3","14","332","103.9600153787005"
"1","4","338","92.50288350634371"
"3","14","333","101.57631680123029"
"1","4","339","92.88735101883891"
"3","14","334","99.11572472126106"
"1","4","340","93.73317954632833"
"3","14","335","96.73202614379085"
"1","4","341","94.57900807381776"
"3","14","336","94.57900807381776"
"1","4","342","95.34794309880814"
"3","14","337","92.11841599384852"
"1","4","343","95.73241061130335"
"3","14","338","90.42675893886967"
"1","4","344","96.50134563629373"
"3","14","339","88.7351018838908"
"3","14","340","87.12033833141099"
"1","4","345","96.96270665128796"
"3","14","341","84.89042675893887"
"1","4","346","96.96270665128796"
"3","14","342","83.04498269896193"
"3","14","343","81.27643214148405"
"1","4","347","96.57823913879277"
"3","14","344","79.58477508650519"
"1","4","348","96.8089196462899"
"3","14","345","77.8162245290273"
"3","14","346","74.97116493656286"
"1","4","349","96.57823913879277"
"3","14","347","73.27950788158401"
"1","4","350","97.039600153787"
"3","14","348","71.58785082660515"
"3","14","349","69.74240676662822"
"1","4","351","96.88581314878893"
"3","14","350","67.82006920415225"
"1","4","352","96.8089196462899"
"3","14","351","65.7439446366782"
"1","4","353","96.19377162629758"
"3","14","352","63.975394079200306"
"3","14","353","62.36063052672049"
"1","4","354","96.57823913879277"
"3","14","354","61.36101499423299"
"1","4","355","96.96270665128796"
"3","14","355","59.746251441753174"
"1","4","356","97.4240676662822"
"3","14","356","58.59284890426759"
"3","14","357","57.13187235678585"
"1","4","357","96.96270665128796"
"3","14","358","55.82468281430219"
"1","4","358","96.11687812379854"
"3","14","359","54.82506728181469"
"3","14","360","53.67166474432911"
"1","4","359","95.80930411380238"
"3","14","361","52.287581699346404"
"1","4","360","95.6555171088043"
"3","14","362","50.67281814686659"
"1","4","361","95.6555171088043"
"3","14","363","49.288735101883894"
"3","14","364","48.36601307189542"
"1","4","362","95.50173010380622"
"3","14","365","47.1357170319108"
"1","4","363","94.73279507881584"
"3","14","366","45.444059976931946"
"1","4","364","94.73279507881584"
"3","14","367","43.3679354094579"
"3","14","368","41.29181084198385"
"1","4","365","94.80968858131487"
"3","14","369","39.83083429450212"
"3","14","370","38.677431757016535"
"1","4","366","94.73279507881584"
"3","14","371","37.908496732026144"
"3","14","372","37.06266820453671"
"1","4","367","94.19454056132257"
"3","14","373","36.44752018454441"
"1","4","368","93.81007304882738"
"3","14","374","35.52479815455594"
"3","14","375","34.755863129565554"
"1","4","369","93.6562860438293"
"1","4","370","93.2718185313341"
"3","14","376","34.755863129565554"
"3","14","377","34.21760861207228"
"1","4","371","92.88735101883891"
"3","14","378","33.756247597078044"
"1","4","372","93.04113802383698"
"3","14","379","33.44867358708189"
"3","14","380","33.52556708958093"
"1","4","373","92.04152249134948"
"3","14","381","32.98731257208766"
"1","4","374","91.58016147635524"
"3","14","382","32.60284505959246"
"1","4","375","90.88811995386389"
"3","14","383","32.91041906958862"
"1","4","376","90.42675893886967"
"3","14","384","33.21799307958477"
"1","4","377","89.65782391387928"
"3","14","385","33.44867358708189"
"3","14","386","34.98654363706267"
"1","4","378","89.65782391387928"
"3","14","387","35.52479815455594"
"3","14","388","36.60130718954248"
"1","4","379","89.58093041138024"
"3","14","389","37.29334871203383"
"1","4","380","88.65820838139177"
"3","14","390","38.446751249519416"
"3","14","391","39.44636678200692"
"1","4","381","88.1199538638985"
"3","14","392","40.44598231449442"
"3","14","393","41.138023836985774"
"1","4","382","88.1199538638985"
"3","14","394","41.676278354479045"
"1","4","383","88.27374086889658"
"3","14","395","42.90657439446367"
"3","14","396","44.21376393694733"
"1","4","384","87.58169934640523"
"3","14","397","45.059592464436754"
"1","4","385","87.27412533640907"
"3","14","398","45.828527489427145"
"3","14","399","47.05882352941177"
"1","4","386","87.50480584390618"
"3","14","400","47.67397154940407"
"1","4","387","86.81276432141485"
"3","14","401","48.904267589388695"
"1","4","388","87.04344482891196"
"3","14","402","49.98077662437524"
"3","14","403","51.44175317185698"
"1","4","389","86.65897731641677"
"3","14","404","52.287581699346404"
"3","14","405","53.67166474432911"
"1","4","390","86.04382929642445"
"3","14","406","54.51749327181853"
"3","14","407","55.74778931180315"
"3","14","408","57.054978854286816"
"1","4","391","86.04382929642445"
"3","14","409","58.28527489427143"
"1","4","392","85.81314878892734"
"3","14","410","59.2079969242599"
"1","4","393","85.3517877739331"
"3","14","411","60.207612456747405"
"1","4","394","85.3517877739331"
"3","14","412","61.66858900422914"
"3","14","413","62.9757785467128"
"1","4","395","85.04421376393695"
"3","14","414","63.667820069204154"
"3","14","415","64.82122260668973"
"1","4","396","85.50557477893118"
"3","14","416","65.59015763168013"
"3","14","417","66.51287966166859"
"1","4","397","84.58285274894271"
"3","14","418","68.05074971164936"
"3","14","419","69.74240676662822"
"1","4","398","84.3521722414456"
"3","14","420","71.43406382160707"
"1","4","399","84.27527873894655"
"3","14","421","73.12572087658593"
"1","4","400","84.42906574394463"
"3","14","422","74.2791234140715"
"1","4","401","83.50634371395617"
"3","14","423","75.97078046905037"
"3","14","424","77.04728950403691"
"3","14","425","78.35447904652057"
"1","4","402","83.35255670895809"
"3","14","426","80.04613610149943"
"1","4","403","82.81430219146482"
"3","14","427","81.5840061514802"
"1","4","404","82.27604767397155"
"3","14","428","83.50634371395617"
"3","14","429","85.89004229142637"
"1","4","405","81.89158016147636"
"3","14","430","88.04306036139945"
"3","14","431","90.73433294886583"
"1","4","406","81.96847366397539"
"3","14","432","93.04113802383698"
"1","4","407","81.35332564398308"
"3","14","433","95.11726259131103"
"3","14","434","97.4240676662822"
"1","4","408","81.35332564398308"
"3","14","435","99.73087274125336"
"3","14","436","101.80699730872742"
"1","4","409","80.96885813148789"
"3","14","437","104.26758938869665"
"3","14","438","105.95924644367551"
"1","4","410","80.50749711649365"
"3","14","439","107.95847750865052"
"3","14","440","109.80392156862744"
"1","4","411","80.04613610149943"
"3","14","441","112.03383314109958"
"3","14","442","113.80238369857747"
"1","4","412","80.12302960399846"
"3","14","443","115.41714725105729"
"3","14","444","116.87812379853902"
"1","4","413","79.73856209150327"
"3","14","445","118.56978085351788"
"3","14","446","120.95347943098808"
"1","4","414","79.73856209150327"
"3","14","447","122.41445597846982"
"1","4","415","79.8154555940023"
"3","14","448","123.72164552095347"
"3","14","449","125.18262206843522"
"1","4","416","79.96924259900038"
"3","14","450","126.95117262591312"
"3","14","451","128.79661668589003"
"1","4","417","80.12302960399846"
"3","14","452","130.1038062283737"
"1","4","418","80.04613610149943"
"3","14","453","131.18031526336026"
"3","14","454","131.94925028835064"
"1","4","419","79.50788158400616"
"3","14","455","133.02575932333718"
"1","4","420","79.8154555940023"
"3","14","456","133.87158785082661"
"3","14","457","134.8712033833141"
"1","4","421","79.27720107650903"
"3","14","458","135.7939254133026"
"1","4","422","79.66166858900424"
"3","14","459","136.40907343329488"
"1","4","423","79.50788158400616"
"3","14","460","137.2549019607843"
"1","4","424","79.35409457900808"
"3","14","461","138.10073048827374"
"3","14","462","139.17723952326028"
"1","4","425","79.04652056901192"
"3","14","463","140.48442906574394"
"1","4","426","79.27720107650903"
"3","14","464","141.48404459823146"
"3","14","465","142.32987312572087"
"1","4","427","79.35409457900808"
"3","14","466","143.4063821607074"
"1","4","428","79.27720107650903"
"3","14","467","145.09803921568627"
"1","4","429","79.04652056901192"
"3","14","468","146.71280276816609"
"3","14","469","147.71241830065358"
"1","4","430","79.12341407151095"
"3","14","470","148.3275663206459"
"1","4","431","79.04652056901192"
"3","14","471","148.7120338331411"
"3","14","472","148.86582083813917"
"1","4","432","78.66205305651673"
"3","14","473","149.09650134563628"
"1","4","433","78.43137254901961"
"3","14","474","149.63475586312956"
"3","14","475","149.78854286812765"
"1","4","434","78.96962706651288"
"3","14","476","149.40407535563244"
"1","4","435","79.35409457900808"
"3","14","477","148.558246828143"
"1","4","436","79.58477508650519"
"3","14","478","148.481353325644"
"3","14","479","148.63514033064206"
"1","4","437","79.50788158400616"
"3","14","480","148.3275663206459"
"1","4","438","79.58477508650519"
"3","14","481","148.558246828143"
"3","14","482","148.86582083813917"
"1","4","439","79.89234909650135"
"3","14","483","148.0968858131488"
"1","4","440","80.12302960399846"
"3","14","484","147.48173779315647"
"1","4","441","80.12302960399846"
"3","14","485","146.86658977316418"
"3","14","486","146.02076124567475"
"1","4","442","80.43060361399462"
"3","14","487","145.79008073817764"
"1","4","443","81.04575163398692"
"3","14","488","144.9442522106882"
"3","14","489","144.48289119569395"
"1","4","444","81.66089965397924"
"3","14","490","143.86774317570166"
"1","4","445","81.96847366397539"
"3","14","491","143.02191464821223"
"1","4","446","82.12226066897347"
"3","14","492","142.1760861207228"
"1","4","447","82.66051518646674"
"3","14","493","141.48404459823146"
"3","14","494","141.09957708573626"
"1","4","448","83.19876970396001"
"3","14","495","140.17685505574778"
"1","4","449","83.73702422145328"
"3","14","496","139.48481353325644"
"3","14","497","138.48519800076895"
"1","4","450","84.12149173394849"
"3","14","498","137.71626297577853"
"1","4","451","84.81353325643983"
"3","14","499","136.94732795078815"
"1","4","452","85.58246828143022"
"3","14","500","136.17839292579777"
"1","4","453","86.50519031141869"
"1","4","454","86.65897731641677"
"1","4","455","86.58208381391772"
"1","4","456","86.58208381391772"
"1","4","457","87.19723183391004"
"1","4","458","87.96616685890042"
"1","4","459","88.65820838139177"
"1","4","460","88.81199538638985"
"1","4","461","89.04267589388697"
"1","4","462","89.58093041138024"
"1","4","463","90.58054594386775"
"1","4","464","90.34986543637062"
"1","4","465","90.65743944636678"
"1","4","466","90.96501345636294"
"1","4","467","92.11841599384852"
"1","4","468","92.57977700884275"
"1","4","469","92.73356401384083"
"1","4","470","93.11803152633603"
"1","4","471","93.57939254133026"
"1","4","472","93.6562860438293"
"1","4","473","94.65590157631681"
"1","4","474","95.50173010380622"
"1","4","475","97.27028066128412"
"1","4","476","98.42368319876971"
"1","4","477","99.4232987312572"
"1","4","478","99.8077662437524"
"1","4","479","100.49980776624375"
"1","4","480","101.49942329873126"
"1","4","481","102.19146482122261"
"1","4","482","102.42214532871972"
"1","4","483","102.72971933871588"
"1","4","484","103.42176086120723"
"1","4","485","104.65205690119186"
"1","4","486","104.80584390618992"
"1","4","487","105.88235294117646"
"1","4","488","106.65128796616686"
"1","4","489","107.65090349865436"
"1","4","490","108.95809304113803"
"1","4","491","109.57324106113033"
"1","4","492","110.41906958861976"
"1","4","493","110.95732410611303"
"1","4","494","111.34179161860823"
"1","4","495","111.80315263360247"
"1","4","496","112.34140715109574"
"1","4","497","113.8792772010765"
"1","4","498","113.8792772010765"
"1","4","499","113.8792772010765"
"1","4","500","114.10995770857363"
